{
 "adc_supp": {
  "Jhin & Zyra": 9.147302987654493,
  "KogMaw & Milio": 11.553163968067693,
  "Jinx & Renata": 8.77605993678301,
  "Jinx & Blitzcrank": 9.30305599417145,
  "Varus & Senna": 7.3445003997478775,
  "Jinx & Leona": 6.36430827547132,
  "Jinx & Milio": 8.82267791676492,
  "Veigar & Senna": 7.730882630192615,
  "Ezreal & Sona": 4.950149843113882,
  "Jinx & Janna": 7.949874541510882,
  "Xayah & Blitzcrank": 6.332322045066152,
  "Jinx & Soraka": 7.688923721191054,
  "Ashe & Milio": 7.201488889844043,
  "Jhin & Senna": 7.106684887923054,
  "Jhin & Morgana": 4.631748418281267,
  "Jhin & Swain": 2.8183171629159176,
  "Samira & Nautilus": 3.5353776964428096,
  "Sivir & Milio": 6.115972861101593,
  "Twitch & Milio": 8.012419611173272,
  "Zeri & Yuumi": 1.307463438535783,
  "Jhin & Milio": 6.442331308907168,
  "Jinx & Rakan": 7.734220876873055,
  "Vayne & Milio": 6.73031477554118,
  "Zeri & Senna": 4.451610977353115,
  "Jinx & Thresh": 5.160423106353673,
  "Ezreal & Soraka": 2.5649192723781855,
  "Jhin & Nautilus": 4.169826616151018,
  "Kaisa & Senna": 4.1265030260858815,
  "Zeri & Sona": 4.250315253335835,
  "Xayah & Rakan": 5.2736389778681225,
  "Jinx & Lux": 4.72900121189066,
  "KogMaw & Lulu": 3.501467130523639,
  "Jhin & Xerath": 3.960244659056711,
  "Zeri & Rakan": 3.719307040373998,
  "Vayne & Senna": 5.995208667594731,
  "Jinx & Senna": 6.75743411294647,
  "MissFortune & Milio": 4.6741745663831935,
  "Jhin & Rakan": 5.293728269884745,
  "Kaisa & Soraka": 2.453069051294321,
  "Jinx & Pyke": 3.874106484876405,
  "Jinx & Zilean": 5.350236015768273,
  "Ashe & Senna": 5.2648134916287725,
  "Tristana & Nautilus": 2.5914631017313283,
  "Ezreal & Xerath": 0.4701573714810614,
  "Xayah & Morgana": 2.213360844786494,
  "Xayah & Senna": 4.444813475415721,
  "Zeri & Nami": 0.4967709721203084,
  "Xayah & Thresh": 1.9661772275758604,
  "Kaisa & Alistar": 1.1020460006339938,
  "Caitlyn & Soraka": 1.9014054727673368,
  "Jinx & Sona": 6.203183553215741,
  "Xayah & Janna": 3.570284917822608,
  "Vayne & Rakan": 4.993454500644479,
  "Tristana & Milio": 3.8444490763636097,
  "Jinx & Nautilus": 4.031974451046327,
  "Xayah & Pyke": 1.4865431119892802,
  "Samira & Alistar": 1.1193097177113032,
  "Jinx & Morgana": 3.452876717519615,
  "Xayah & Milio": 3.775999627821758,
  "Kaisa & Lux": 0.2652131341421837,
  "Kaisa & Milio": 2.4097688358247993,
  "Vayne & Nami": 2.168478342935254,
  "Xayah & Nautilus": 1.9976684208552253,
  "Draven & Nautilus": -0.23581357171191808,
  "Sivir & Yuumi": 0.33211464579956385,
  "Ezreal & Rakan": 1.4020695417421347,
  "Ezreal & Senna": 1.272463326729567,
  "Vayne & Soraka": 3.5449274340094927,
  "Caitlyn & Thresh": -0.41509610935959174,
  "Jinx & Karma": 1.5531900561946754,
  "Xayah & Yuumi": -0.015088060373802392,
  "Kaisa & Blitzcrank": 1.5819878447819402,
  "Jinx & Lulu": 0.9017809733290916,
  "Vayne & Yuumi": 0.8211924086004352,
  "Samira & Thresh": 0.021465946202736674,
  "Vayne & Lulu": -0.08261973567740277,
  "Jhin & Lux": 1.4401282084975708,
  "Zeri & Soraka": 0.9945148582785723,
  "Lucian & Senna": 1.5496828329851997,
  "Tristana & Thresh": 0.6773473425702559,
  "MissFortune & Thresh": 0.6037842874900168,
  "Jhin & Soraka": 2.705597926697356,
  "Jhin & Nami": 0.92900490452128,
  "Jhin & Karma": -0.17575469828414736,
  "Lucian & Milio": 1.1595252186158644,
  "Caitlyn & Rakan": 1.2822244195358712,
  "Xayah & Lux": 0.5399069053340533,
  "Vayne & Thresh": 1.4146278114897326,
  "Jinx & Seraphine": 2.265012991784321,
  "Jinx & Yuumi": 1.1308937362050298,
  "Draven & Thresh": -1.826729490622836,
  "Jinx & Alistar": 2.6177596670719394,
  "Caitlyn & Milio": 0.8699251118720497,
  "Kaisa & Nautilus": -0.5961486845484698,
  "Xayah & Sona": 2.676163029574452,
  "Vayne & Lux": 1.1085474276042895,
  "Ashe & Lulu": -1.1030344949603865,
  "Twitch & Lulu": 0.19535289226915165,
  "Kaisa & Rakan": 0.9998216930543702,
  "Twitch & Yuumi": 0.9115724952566628,
  "Zeri & Milio": 0.8937902129780628,
  "Kaisa & Yuumi": -2.4656764187402924,
  "Jinx & Nami": 1.49467522650657,
  "Xayah & Alistar": 0.3771508822319358,
  "Caitlyn & Lux": -1.6277054321838458,
  "Caitlyn & Morgana": -1.5853270098111327,
  "Caitlyn & Karma": -3.011643865860103,
  "Draven & Milio": -0.2014450318354566,
  "Lucian & Nami": -2.0633127968199716,
  "Ashe & Karma": -0.8971263826140774,
  "Ezreal & Bard": -1.3595586752080058,
  "Varus & Lux": -0.9605996968774511,
  "Varus & Karma": -2.339383288126484,
  "Sivir & Thresh": -0.3781948748359465,
  "Kaisa & Thresh": -1.740262913342061,
  "Vayne & Karma": -1.0479271406411916,
  "Ezreal & Milio": -0.7061912499824352,
  "Kaisa & Nami": -2.2654899321572497,
  "Varus & Milio": 0.8244892726439801,
  "Ezreal & Lux": -3.132827966703422,
  "Kaisa & Pyke": -2.5735043943018843,
  "Aphelios & Milio": -4.135880417683224,
  "Lucian & Thresh": -2.8989954169445387,
  "Ashe & Thresh": -0.6497726331976095,
  "Ezreal & Janna": -1.987831250785077,
  "Xayah & Soraka": -0.0053482556961803596,
  "Caitlyn & Nautilus": -2.6214064948449245,
  "Caitlyn & Senna": -0.8642120240909268,
  "Ezreal & Karma": -5.269399447587042,
  "Ezreal & Nami": -4.260022169158262,
  "Caitlyn & Nami": -3.7140115306566024,
  "Kaisa & Leona": -4.480092274045444,
  "Aphelios & Rakan": -5.233273530929883,
  "Ezreal & Morgana": -4.421222976659633,
  "Aphelios & Senna": -5.245635404867022,
  "Jhin & Pyke": -2.021076470749561,
  "Kaisa & Karma": -5.03985690442561,
  "Caitlyn & Pyke": -4.151478903909167,
  "Zeri & Thresh": -3.815278572673897,
  "Ezreal & Seraphine": -4.770940467221019,
  "Ezreal & Pyke": -5.00838080929602,
  "Xayah & Seraphine": -2.5917350902837644,
  "Zeri & Lux": -3.9001640635645707,
  "Varus & Thresh": -3.4164532523974778,
  "Zeri & Karma": -5.419625789915039,
  "Jhin & Thresh": -2.389043616205999,
  "Xayah & Lulu": -4.835171646154923,
  "Xayah & Nami": -3.2578337301075067,
  "Ezreal & Zyra": -4.315216000844591,
  "Kalista & Thresh": -6.449655511368313,
  "Ezreal & Lulu": -7.425119252752088,
  "Sivir & Lulu": -5.454580724395175,
  "Ezreal & Thresh": -5.912635853718995,
  "Aphelios & Thresh": -9.027083401630609,
  "Zeri & Lulu": -7.392734804587819,
  "Xayah & Karma": -5.523119009305377,
  "Kaisa & Lulu": -7.814194360670146,
  "Kaisa & Morgana": -6.061067648131169,
  "Aphelios & Soraka": -9.252246284077259,
  "Aphelios & Karma": -12.132591208952249,
  "Aphelios & Nautilus": -10.31427284485904,
  "Caitlyn & Yuumi": -8.298608784981166,
  "Ezreal & Yuumi": -9.411024779536481,
  "Aphelios & Lulu": -13.604233489943951,
  "Aphelios & Lux": -12.076453250444086,
  "Caitlyn & Lulu": -11.31743687681077,
  "Aphelios & Yuumi": -15.959919011408076
 },
 "mid_jungle": {
  "Zed & JarvanIV": 10.158866204744621,
  "Veigar & JarvanIV": 10.114845613670864,
  "AurelionSol & JarvanIV": 10.736264476693513,
  "Viktor & JarvanIV": 10.036209251273176,
  "Zed & Fiddlesticks": 7.049167907864828,
  "Annie & LeeSin": 6.127742968690364,
  "Ahri & Nocturne": 7.395374282695855,
  "Viktor & Kayn": 6.703921289789783,
  "Ahri & MasterYi": 8.27800843257891,
  "Zed & Evelynn": 5.036099314687537,
  "AurelionSol & MasterYi": 7.418471368815571,
  "AurelionSol & Vi": 5.097113006701193,
  "Lux & JarvanIV": 7.819126173744717,
  "Katarina & JarvanIV": 6.671295051983606,
  "Katarina & Sejuani": 2.0334814634729526,
  "Yasuo & JarvanIV": 5.584013473244065,
  "Lux & Hecarim": 4.41008044424307,
  "Katarina & Rengar": 3.295106881467502,
  "Lux & Kayn": 5.2995571224044635,
  "Fizz & JarvanIV": 7.832612194814215,
  "Fizz & Kayn": 5.6055110817689435,
  "Ahri & Hecarim": 4.36815097535268,
  "AurelionSol & Hecarim": 4.2274453748197605,
  "Veigar & Vi": 3.3562279555111596,
  "Lissandra & JarvanIV": 6.041133289103873,
  "Ahri & JarvanIV": 7.080281469110772,
  "Annie & JarvanIV": 8.421368568200993,
  "Katarina & MonkeyKing": 2.9114797644851587,
  "Veigar & LeeSin": 1.0144005499789444,
  "Ahri & MonkeyKing": 3.744972017988202,
  "Katarina & Shaco": 2.320391704295943,
  "Katarina & Khazix": 2.335658441886368,